{
    "best_model_plots": {
        "faultycase1_set1_1": {
            "F1 Score": 0.7804878048780488,
            "ROC_AUC": 0.7386792998817703
        },
        "faultycase1_set1_2": {
            "F1 Score": 0.8578371810449575,
            "ROC_AUC": 0.6534606281075757
        },
        "faultycase1_set1_3": {
            "F1 Score": 0.8402061855670102,
            "ROC_AUC": 0.6454787234042554
        },
        "faultycase2_set2_1": {
            "F1 Score": 0.4541062801932368,
            "ROC_AUC": 0.37357720963133767
        },
        "faultycase2_set2_2": {
            "F1 Score": 0.032679738562091505,
            "ROC_AUC": 0.48641924113622226
        },
        "faultycase2_set2_3": {
            "F1 Score": 0.6631762652705062,
            "ROC_AUC": 0.3978185993111366
        },
        "faultycase3_set3_1": {
            "F1 Score": 0.8851815505397449,
            "ROC_AUC": 0.8077207345500029
        },
        "faultycase3_set3_2": {
            "F1 Score": 0.741744284504657,
            "ROC_AUC": 0.45400631114916823
        },
        "faultycase3_set3_3": {
            "F1 Score": 0.9099756690997567,
            "ROC_AUC": 0.37173001878884226
        },
        "faultycase4_set4_1": {
            "F1 Score": 0.8542199488491048,
            "ROC_AUC": 0.7061140876142452
        },
        "faultycase4_set4_2": {
            "F1 Score": 0.810344827586207,
            "ROC_AUC": 0.6075465425531914
        },
        "faultycase4_set4_3": {
            "F1 Score": 0.9038461538461539,
            "ROC_AUC": 0.6738696808510638
        },
        "faultycase5_set5_1": {
            "F1 Score": 0.5655172413793104,
            "ROC_AUC": 0.9441648384737816
        },
        "faultycase5_set5_2": {
            "F1 Score": 0.5852090032154341,
            "ROC_AUC": 0.9581641442106558
        },
        "overall": {
            "F1 Score": 0.7646008671257334,
            "ROC_AUC": 0.6046144167140457
        }
    },
    "best_model_plots_cd": {
        "faultycase1_set1_1": {
            "F1 Score": 0.7704918032786885,
            "ROC_AUC": 0.7012095807393076
        },
        "faultycase1_set1_2": {
            "F1 Score": 0.8578371810449575,
            "ROC_AUC": 0.6505377198138235
        },
        "faultycase1_set1_3": {
            "F1 Score": 0.8520408163265306,
            "ROC_AUC": 0.6376662234042554
        },
        "faultycase2_set2_1": {
            "F1 Score": 0.46241674595623217,
            "ROC_AUC": 0.3776499805548155
        },
        "faultycase2_set2_2": {
            "F1 Score": 0.7750410509031198,
            "ROC_AUC": 0.4507337526205451
        },
        "faultycase2_set2_3": {
            "F1 Score": 0.7504078303425774,
            "ROC_AUC": 0.3548124760811328
        },
        "faultycase3_set3_1": {
            "F1 Score": 0.8851815505397449,
            "ROC_AUC": 0.6688034188034189
        },
        "faultycase3_set3_2": {
            "F1 Score": 0.7564853556485357,
            "ROC_AUC": 0.4345337202480059
        },
        "faultycase3_set3_3": {
            "F1 Score": 0.9099756690997567,
            "ROC_AUC": 0.3353687912511442
        },
        "faultycase4_set4_1": {
            "F1 Score": 0.8542199488491048,
            "ROC_AUC": 0.5207348460972792
        },
        "faultycase4_set4_2": {
            "F1 Score": 0.810344827586207,
            "ROC_AUC": 0.6157066005802708
        },
        "faultycase4_set4_3": {
            "F1 Score": 0.9038461538461539,
            "ROC_AUC": 0.40342420212765956
        },
        "faultycase5_set5_1": {
            "F1 Score": 0.5655172413793104,
            "ROC_AUC": 0.9165913881361036
        },
        "faultycase5_set5_2": {
            "F1 Score": 0.5852090032154341,
            "ROC_AUC": 0.9506559332140727
        },
        "overall": {
            "F1 Score": 0.7834101382488479,
            "ROC_AUC": 0.5911379626811955
        }
    },
    "best_model_plots_conv_head": {
        "faultycase1_set1_1": {
            "F1 Score": 0.8346281908990012,
            "ROC_AUC": 0.7230324676935288
        },
        "faultycase1_set1_2": {
            "F1 Score": 0.8902007083825265,
            "ROC_AUC": 0.6202840304363711
        },
        "faultycase1_set1_3": {
            "F1 Score": 0.8636363636363636,
            "ROC_AUC": 0.6493351063829786
        },
        "faultycase2_set2_1": {
            "F1 Score": 0.47047797563261484,
            "ROC_AUC": 0.3813935613472604
        },
        "faultycase2_set2_2": {
            "F1 Score": 0.7587354409317804,
            "ROC_AUC": 0.5505909185154468
        },
        "faultycase2_set2_3": {
            "F1 Score": 0.7802547770700637,
            "ROC_AUC": 0.45665901262916186
        },
        "faultycase3_set3_1": {
            "F1 Score": 0.8851815505397449,
            "ROC_AUC": 0.6327723766748157
        },
        "faultycase3_set3_2": {
            "F1 Score": 0.7502102607232968,
            "ROC_AUC": 0.5321583178726036
        },
        "faultycase3_set3_3": {
            "F1 Score": 0.9099756690997567,
            "ROC_AUC": 0.3264681794093559
        },
        "faultycase4_set4_1": {
            "F1 Score": 0.8542199488491048,
            "ROC_AUC": 0.5806544805126589
        },
        "faultycase4_set4_2": {
            "F1 Score": 0.810344827586207,
            "ROC_AUC": 0.7005560928433269
        },
        "faultycase4_set4_3": {
            "F1 Score": 0.9038461538461539,
            "ROC_AUC": 0.4813829787234043
        },
        "faultycase5_set5_1": {
            "F1 Score": 0.5655172413793104,
            "ROC_AUC": 0.6481481481481481
        },
        "faultycase5_set5_2": {
            "F1 Score": 0.5852090032154341,
            "ROC_AUC": 0.9355282959934121
        },
        "overall": {
            "F1 Score": 0.7896496223845487,
            "ROC_AUC": 0.6144687732486181
        }
    },
    "best_model_plots_image_based_scoring": {
        "faultycase1_set1_1": {
            "F1 Score": 0.7690504103165299,
            "ROC_AUC": 0.7101346826400774
        },
        "faultycase1_set1_2": {
            "F1 Score": 0.8578371810449575,
            "ROC_AUC": 0.6164715413575639
        },
        "faultycase1_set1_3": {
            "F1 Score": 0.8402061855670102,
            "ROC_AUC": 0.6480053191489362
        },
        "faultycase2_set2_1": {
            "F1 Score": 0.4541062801932368,
            "ROC_AUC": 0.4140247244755159
        },
        "faultycase2_set2_2": {
            "F1 Score": 0.6108007448789572,
            "ROC_AUC": 0.5505909185154468
        },
        "faultycase2_set2_3": {
            "F1 Score": 0.7317880794701986,
            "ROC_AUC": 0.45665901262916186
        },
        "faultycase3_set3_1": {
            "F1 Score": 0.8851815505397449,
            "ROC_AUC": 0.8460117118653704
        },
        "faultycase3_set3_2": {
            "F1 Score": 0.6696508504923903,
            "ROC_AUC": 0.4155130583702012
        },
        "faultycase3_set3_3": {
            "F1 Score": 0.9099756690997567,
            "ROC_AUC": 0.26653659006600183
        },
        "faultycase4_set4_1": {
            "F1 Score": 0.8542199488491048,
            "ROC_AUC": 0.43255594075007875
        },
        "faultycase4_set4_2": {
            "F1 Score": 0.810344827586207,
            "ROC_AUC": 0.7005560928433269
        },
        "faultycase4_set4_3": {
            "F1 Score": 0.9038461538461539,
            "ROC_AUC": 0.6728723404255319
        },
        "faultycase5_set5_1": {
            "F1 Score": 0.5655172413793104,
            "ROC_AUC": 0.6481481481481481
        },
        "faultycase5_set5_2": {
            "F1 Score": 0.5980284775465499,
            "ROC_AUC": 0.9232236325259582
        },
        "overall": {
            "F1 Score": 0.7722622205380827,
            "ROC_AUC": 0.5872325569082724
        }
    },
    "best_model_plots_mean": {
        "faultycase1_set1_1": {
            "F1 Score": 0.627450980392157,